Malicious IP,Event,Total Reports,First date reported,Last date reported
209.85.128.181,Bad Event,263,2017-05-16,2024-11-27
192.154.231.178,Bad Event,559,2024-11-27,2024-11-27
182.132.24.4,Bad Event,50,2024-05-14,2024-11-27
182.132.25.25,Bad Event,39,2024-05-15,2024-11-27
203.145.34.33,Bad Event,31,2024-11-23,2024-11-27
172.245.12.93,Bad Event,81,2016-10-17,2024-11-27
61.188.233.34,Bad Event,42,2024-05-20,2024-11-27
171.211.57.39,Bad Event,40,2024-05-31,2024-11-27
45.202.32.41,Bad Event,879,2024-09-14,2024-11-27
118.120.231.177,Bad Event,46,2024-05-19,2024-11-27
190.247.243.99,Bad Event,"23,525",2021-07-09,2024-11-27
112.192.131.173,Bad Event,5,2024-06-05,2024-11-27
171.211.57.40,Bad Event,40,2024-06-26,2024-11-27
172.245.93.79,Bad Event,"1,197",2024-11-06,2024-11-27
114.103.72.193,Bad Event,2,2024-10-31,2024-11-27
162.254.207.107,Bad Event,38,2024-10-15,2024-11-27
54.38.49.22,Bad Event,236,2024-10-22,2024-11-27
101.47.23.123,Bad Event,8,2024-11-23,2024-11-27
162.254.207.108,Bad Event,49,2017-06-26,2024-11-27
193.168.173.49,Bad Event,58,2024-11-26,2024-11-27
103.18.103.46,Bad Event,"18,317",2023-12-27,2024-11-27
103.18.103.49,Bad Event,"18,114",2023-12-27,2024-11-27
182.132.25.91,Bad Event,42,2024-05-31,2024-11-27
103.240.252.63,Bad Event,"4,566",2017-01-16,2024-11-27
103.18.103.29,Bad Event,"17,796",2023-12-27,2024-11-27
